Category,Value,Question,Answer,class
ANIMAL NAMES,$1600,"This scarab relative, often seen at night, is named for the time of year when it's most prevalent",a junebug,Science/Geography
SIGNS & SIGNALS,$200,"In this game, a tug on the ear means ""sounds like"", and a touch on the nose: ""you're right""",Charades,Sports
ART,$1200,"The Van Eyck bros. weren't the 1st to use these paints, though sometimes creditied with it; they date back much earlier",oils,Non-Fiction
"HELLO, ALEX",$800,"His ""Gulag Archipelago"" led to his arrest & forced deportation",Aleksandr Solzhenitsyn,Non-Fiction
LET'S SPEAK PORTUGUESE,$1000,"A casa de fado is a restaurant that also features this, as the ""fado"" tells you",songs,Non-Fiction
CELEBRITY HIGH SCHOOL YEARBOOK,$800,"<a href=""http://www.j-archive.com/media/2006-01-30_J_04.jpg"" target=""_blank"">This</a> actress has total recall of her high school days in Pennsylvania, as a self-described uber-geek & outsider",Sharon Stone,Non-Fiction
ENGLISH LIT,$400,"This hero gets adopted in the last chapter, so the book could have been called ""Oliver Brownlow""",Oliver Twist,Fiction
LYRICS,$500,"""Lay Down, Sally"", and do this",rest you in my arms (rest here in my arms accepted),Fiction
GEMS,$300,"Many of the red stones are classified as the ""fire"" variety of this fiery gem come from Mexico",opals,Science/Geography
HIDDEN BIRDPLAY,$800,"After the party, keg returns are easier",an egret (in keg returns),Science/Geography
WHERE WORDS COME FROM,$800,Latin: This device you open when it's precipitating,an umbrella,Non-Fiction
"ON THE ""TELE""",$1200,Things that are at a distance appear closer when you use this type of camera lens,telephoto,Non-Fiction
A BRIEF HISTORY OF RHYME,$400,"""Fiddling"" Roman emperor's admired people",Nero's heroes,Non-Fiction
COLLEGES & UNIVERSITIES,$800,"This Hanover, New Hampshire college was established in 1770 when Eleazer Wheelock erected a single log hut",Dartmouth,Non-Fiction
PRESIDENTIAL FACTS,$200,In 1937 he made his first movie,Ronald Reagan,Non-Fiction
"O CAPTAIN, MY POP CULTURE CAPTAIN",$1200,"Daniel J. Travanti tried to be ""careful out there"" as Captain Furillo on this show",Hill Street Blues,Fiction
CLASSIC ADS & JINGLES,$400,"""...Tough kids, sissy kids, even kids with chicken pox love"" these",Armour Hot Dogs,Fiction
FAMOUS TRIALS,$800,"Stabbed during his capture at Harpers Ferry, this abolitionist spent most of his 1859 trial lying on a cot",John Brown,Non-Fiction
I WANT TO RIDE THAT!,$200,"The Pitt Fall is a scary free fall ride at Kennywood, near this second-largest Pennsylvania city",Pittsburgh,Non-Fiction
WYATT EARP,$400,Wyatt was working as a railroad detective when John Shanssey introduced him to this sometime dentist,Doc Holliday,Fiction
LIT ON FILM,"$1,700","Rumpelstiltskin is a character in the 1962 fantasy ""The Wonderful World of"" these German brothers",the Grimm brothers,Fiction
POLITICAL COMEBACKS,$200,He lost a presidential election & a gubernatorial election before winning the White House in 1968,Nixon,Non-Fiction
THE ENVIRONMENT,$1000,"In 1978 the U.S. banned use of these, called CFCs for short, as propellants in most spray cans",Chloroflourocarbons,Non-Fiction
OPERA CHARACTERS,$800,"In an 1893 opera, Peter is the father of these gingerbread-gorgers",Hansel & Gretel,Fiction
BODIES OF WATER,$1600,"This river flows about 1,150 miles from Lake Hazar in Turkey through Baghdad, on its way to the Persian Gulf",the Tigris,Sports
PEOPLE YOU CAN EAT,$800,This turn-of-the-century opera diva has had a peach & ice cream dessert & a type of toast named for her,Nellie Melba,Non-Fiction
MISSING LYRICS,$1000,"""What goes up must come down, ___ ___ got to go 'round""",spinning wheel,Fiction
ODDS & ENDS,$1000,The Latin name of this ocean creature is Xiphias gladius,swordfish,Science/Geography
NATIONAL STATUARY HALL,$300,This state is represented by a monarch,Hawaii,Non-Fiction
VARMINTS,$1600,These nocturnal ringtailed mammals find that a chimney makes an excellent den,raccoons,Science/Geography
I WANT MY SUV,$400,Grand Cherokee,Jeep,Non-Fiction
I'M FUNEMPLOYED,$200,Move over Rachel Zoe--I love to work with celebs as this type of stylist (Angelina's fitting is today!),a fashion stylist,Non-Fiction
TRANSPORTATION,$1000,"This light Russian sleigh, whose name means ""a group of 3"", is pulled by 3 horses",a troika,Non-Fiction
BAYS,$800,"The eastern coast of this bay has many good ports, including Sittwe, Myanmar",Bay of Bengal,Science/Geography
MOVIE LOCALES,$1200,"""Ferris Bueller's Day Off""",Chicago,Fiction
NIGHTLY NEWS WORDS,$400,"Yes, I was picturing the scene <a href=""http://www.j-archive.com/media/2009-02-17_J_10.jpg"" target=""_blank"">here</a> before I found this term meant an ex-CEO's sweet benefits",a golden parachute,Non-Fiction
SO GREAT THEY NEED 2 NICKNAMES,$200,"Before he was Magic he was June Bug, because he's Earvin Junior","""Magic"" Johnson",Sports
MY MAINE MAN!,$600,"Born in Bar Harbor on July 8, 1908, he succeeded Gerald Ford as VP",Rockefeller,Non-Fiction
"APRES ""SKI""",$400,"A-line, mini & peasant are 3 types",skirts,Non-Fiction
SHIPS,$800,"Perhaps the greatest loss of life at sea, over 5,000, came in 1945 when this type of vessel sank the Wilhelm Gustloff",submarine,Non-Fiction
THE H WITH U,$800,It's a Greek word for excessive pride or self-confidence,hubris,Non-Fiction
FAMOUS LAST WORD,$2000,"In the ""Flintstones"" theme",time,Fiction
POTPOURRI,$400,The Kennedy Center's grand foyer is lit with 18 of these crystal items; they each weigh a ton,Chandeliers,Non-Fiction
WORLD CURRENCY,$400,The aluminum & bronze schilling coin of this country is equivalent to 100 groschen,Austria,Non-Fiction
"""RA"", ""RA"", ""SIS"", ""BOOM"", ""BA""",$200,It was Bob Marley's religion,Rastafarianism,Non-Fiction
SURVIVOR: CONGRESS,$200,The tribe has spoken to the 8 Republicans who have run against this Massachusetts senator since 1962,Ted Kennedy,Non-Fiction
ALPHABETICALLY FIRST,$400,Of the numbers 1-10 spelled out,eight,Non-Fiction
JPL,$500,"(Cheryl of the Clue Crew reports from the JPL in Pasadena)  Scientists at JPL are learning to navigate a vessel close to this type of celestial body, Latin for ""long-haired star""",comet,Science/Geography
DURING DiMAGGIO'S HITTING STREAK,$300,This former New York Yankee seen here on a stamp died at age 37,Lou Gehrig,Sports
KINGS NAMED GUSTAV,$400,Current king Carl XVI Gustaf met his wife at this event in Munich in 1972; she was an interpreter,Summer Olympics,Non-Fiction
OPERA,$200,"By the end of ""Salome"" this character has lost his head",John the Baptist,Fiction
ACTORS PLAYING ACTORS,$200,"Kate Mulgrew portrayed this legendary Kate in the 2002 play ""Tea at Five""",Kate Hepburn,Fiction
APPROXIMATE WEIGHTS & MEASURES,$400,It can be a small piece of gold or a bite-sized piece of batter-fried chicken,a nugget,Non-Fiction
ALL ABOUT THE PRESIDENCY,$400,The presidential library system formally began in 1939 when this man donated his papers to the federal government,Franklin D. Roosevelt,Non-Fiction
I WANNA BE...,$2000,...this kind of 12-letter person & make some big bucks correcting crooked teeth with braces,an orthodontist,Non-Fiction
THE FOOD SECTION,$800,"Pan de muerto, an egg-rich bread, is a favorite in Mexico on this aptly named 4-word holiday",Day of the Dead,Non-Fiction
"FILE UNDER ""P""",$400,It was filled to the brim with evils; then it was opened & mankind was in trouble,Pandora's box,Fiction
"BABY, YOU CAN DRIVE MY CAR",$1600,"Hey, baby, it's GM's luxury car division named for the explorer who founded Detroit",Cadillac,Non-Fiction
THE U.S. CONGRESS,$400,She was the first British monarch to address the U.S. Congress,Elizabeth II,Non-Fiction
TEA TIME,$100,Spots for this brisk tea starred claymation baseball heroes Reggie Jackson & Babe Ruth,Lipton,Sports
THAT TITLE IS TAKEN,$2000,This Cormac McCarthy title comes from a Yeats poem about a senior citizen's hope to transmute himself into art,No Country for Old Men,Fiction
FRENCH SAUCES,$400,"Veloute, made of stock thickened with a flour & butter roux, is named for this fabric--it's that smooth",velvet,Non-Fiction
U.S. PRESIDENTS,$300,"From 1890 to 1902, he served as professor of jurisprudence & political economy at Princeton",Woodrow Wilson,Non-Fiction
THE END,$1000,This captain & his ship disappear into a maelstrom at the end of a Jules Verne tale,Captain Nemo,Fiction
THE WORLD ALMANAC'S WIDELY KNOWN AMERICANS,$800,This New Haven-born casino developer is nearly at the end of the list,Steve Wynn,Non-Fiction
JACKSON HOLE,$400,In 1989 this famous East Coast symphony orchestra held its first ever summer residency in Jackson Hole,the New York Philharmonic,Non-Fiction
THE PLAGUE,$200,Plague is generally spread from rodents to humans by these insects,fleas,Science/Geography
PET PROJECTS,$400,Monsieur Le Pelt joins Cruella de Vil in the chase for 102 of these in a 2000 sequel,Dalmatians,Fiction
"""D"" IN LITERATURE",$200,"In titles, this word precedes ""Comes for the Archbishop"", ""in Venice"" & ""of a Salesman""",Death,Fiction
FUN WITH BALLET,$400,"Every ""Psycho"" knows that Matthew Bourne's ballet ""Deadly Serious"" is an homage to this film director",Alfred Hitchcock,Non-Fiction
AUGUST,$200,"On August 12, 1867 President Johnson named this Civil War general his new Secretary of War",Ulysses S. Grant,Non-Fiction
STUFF,$1200,"StuffIt, which makes computer files smaller, is this type of program, also a kind of wave or bandage",compression,Non-Fiction
NIP/TUCK,$1200,"Saved by Oliver Wendell Holmes' poem about it, it's been refurbished several times & sailed again in 1997","""Old Ironsides""",Non-Fiction
TV NOSTALGIA,$400,"One of Tallulah Bankhead's last roles was as this ""Batman"" villainess named for a spider",Black Widow,Fiction
SHAKESPEAREAN OPERAS,"$2,000","Love that sparring: ""Beatrice et Benedict""",Much Ado About Nothing,Fiction
WORD ORIGINS,$200,Type of moustache named for its resemblance to a bicycle part,Handlebar,Non-Fiction
THE LAST,$800,People with this distinction have included Tevfik Esenc (for Ubykh) & Ned Maddrell (for Manx),the last speaker of their language,Non-Fiction
"""STICK"" WITH IT",$200,It is easier to eat with these wooden utensils after you split them apart,Chopsticks,Non-Fiction
CONVERSIONS,$100,1 quart equals 2 of these,pints,Science/Geography
SINGLE DIGITS,$400,"We don't know how many faces death has, but a die has this many",6,Sports
THE SOUTH PACIFIC,$1200,In 1957 remains of the H.M.S. Bounty were discovered off this tiny island,Pitcairn Island,Non-Fiction
"DOME, SWEET DOME",$200,It's the European city you'll visit to see the dome seen here,Rome,Non-Fiction
WHALES,$400,"An adult male whale is called a bull, a female is called a cow & a baby whale is called this",a calf,Science/Geography
"WE'RE ALL ""WAITING""",$800,Drama in which Estragon & Vladimir idly pass time away hoping for the title character to appear,Waiting for Godot,Fiction
SCIENCE BRIEFS,$800,In 1909 Soren Sorensen came up with this scale to measure acidity,pH scale,Science/Geography
EAT A GREEN THING,$400,Small versions of this common garden vegetable used for pickling are often called gherkins,Cucumbers,Non-Fiction
"""SAN""",$2000,"This seat of Erie County, Ohio was an Underground Railroad stopping point",Sandusky,Science/Geography
MUSICAL BY CHARACTERS,$200,Fantine & her daughter Cosette,Les Misérables,Fiction
ENDANGERED SPECIES,$600,The Peregrine species of this bird is sometimes called the duck hawk in the U.S.,the falcon,Science/Geography
7-LETTER WORDS,$600,"It precedes ""Man March"" & ""-aire""",million,Non-Fiction
HEATHERS,$800,Heather Tom (not Heather Thomas) played Victoria Newman on this long-running CBS soap opera,The Young and the Restless,Non-Fiction
"HOWDY, PARTNER!",$200,19th century printing partner of Nathaniel Currier,Ives,Non-Fiction
NETWORKING,$200,"""Barney & Friends"", ""Antiques Roadshow"", ""Mystery!""",PBS,Non-Fiction
EXTREME ANIMALS,$1000,"In the greatest mass egg laying, 500,000 of these sea creatures come ashore in Northeast India to nest",sea turtles,Science/Geography
"""NIGHT"" SHIFT",$800,A traditional police weapon,a nightstick,Non-Fiction
"BACK IN ""BLACK""",$1000,Fashionable nickname for Italy's Fascists,the Blackshirts,Non-Fiction
SHORTS,$600,"This female star of ""Hope Floats"" wrote & directed the short ""Making Sandwiches""",Sandra Bullock,Non-Fiction
ON OUR USO TOUR,$600,"(<a href=""http://www.j-archive.com/media/2007-12-21_J_12.jpg"" target=""_blank"">Alex drives a point home from the Atsugi NAF, Japan.</a>) The Army has the Black Hawk, the Air Force has the Pave Hawk, and the Navy has the assault utility vehicle with this name",the Sea Hawk,Non-Fiction
AROUND THE U.S.A.,$400,"(<a href=""http://www.j-archive.com/media/2005-10-07_DJ_01.jpg"" target=""_blank"">I'm John DeStefano, mayor of New Haven.</a>)  New Haven is known as ""The Smart City"", partly because it's home to this institution founded in 1701",Yale,Science/Geography
DON'T BE CHICKEN,$800,This term for a group hiearchy is based on the social behavior of poultry,pecking order,Non-Fiction
HISTORIC AMERICA,$400,"A shrine in Allentown, Penn. is built above the spot where this patriotic symbol was hidden in 1777",the Liberty Bell,Non-Fiction
1980s BESTSELLERS,$800,"Her autobiography ""Shelley: Also Known as Shirley"" was a bestseller in 1980",Shelley Winters,Non-Fiction
VERB FIRST NAMES,$200,To open or pierce with the surgical instrument of the same name,Lance,Non-Fiction
ART HISTORY,$100,This ancient statue is also named the Aphrodite of Melos,Venus de Milo,Non-Fiction
EUROPEAN HISTORY,$2000,In 338 B.C. this Macedonian king ended Greece's independence with victory in the battle of Chaeronea,Philip,Non-Fiction
LANGUAGES,$1000,It's the most widely spoken of the artificial languages,Esperanto,Non-Fiction
HOOKED ON HOMOPHONICS,$600,"An adjective being permitted, or an adverb meaning communicated vocally",allowed / aloud,Non-Fiction
"""ISM""s","$3,000","If your can of green beans bulges out, it may be contaminated with this food poisoning",botulism,Science/Geography
A KITTY CAT-EGORY,$400,This most popular breed of longhair cat is also simply known as the longhair,Persian,Science/Geography
ESTATE QUARTERS,$1600,The tartan worn by the queen's piper is displayed at Balmoral Castle in this U.K. nation,Scotland,Non-Fiction
TV LAND'S TOP QUOTES,$600,"""You're fired""",(Donald) Trump,Non-Fiction
"""HIGH"" SCHOOL",$200,"Chuck Taylor, from whom Converse named a line of these shoes, was a basketball star of the 1910s",high-tops,Non-Fiction
"GIVE US ""Z"" ANSWER!!!",$800,"A compound of this element, atomic number 30, is used in lotions as a sunscreen",zinc,Science/Geography
"""NATIONAL""ISM",$800,This party gained power in Germany in 1933 with the support of about 44% of voters,National Socialist Party,Non-Fiction
GEOLOGY,$1000,"According to plate tectonics theory, there are many plates, each consisting of the crust & the upper part of this",the mantle,Science/Geography
"FAIRBURY, NEBRASKA",$400,"Fairbury is the seat of this county named for the U.S. president known as the ""Sage of Monticello""",(Thomas) Jefferson,Science/Geography
"A CHORUS OF ""BOO""S",$1200,It can be a ship's food preparation area or the last car on a freight train,a caboose,Non-Fiction
"""C"" DUTY",$800,You auto know this small Michigan city that rests on the lake of the same name,Cadillac,Science/Geography
STATE OF PLAY,$200,"Bears, Bulls, Cubs",Illinois,Science/Geography
ACTORS' REAL NAMES,$200,"He was born Bela Ferenc Blasko in Lugos, Hungary",Bela Lugosi,Non-Fiction
FOOD AKA,$600,1 of the 2 U.S. cities that are aliases for strip steak,New York (or Kansas City),Science/Geography
WHAT THEY ARE,$200,"Bias, Pittacus & Solon were 3 of the 7 sages of this land",Greece,Science/Geography
THE ENVIRONMENT,$200,"This ""colorful"" & controversial activist environmental group was formed in Canada in 1971",Greenpeace,Science/Geography
CUTE ANIMALS,$200,The pups of the harp species of these are known as whitecoats,seals,Science/Geography
"""W""ORDS",$600,"If you've seen enough parsley in your life, try using this as a garnish instead",watercress,Non-Fiction
ALIAS,$800,Nguyen Tat Thanh began using this alias around 1941 when he founded the Viet Minh,Ho Chi Minh,Non-Fiction
IN YOUR CHEVROLET,$400,The Metro is from this line Chevrolet introduced in 1989,the Geo,Non-Fiction
BEN FRANKLIN,$600,"<a href=""http://www.j-archive.com/media/2004-12-02_J_09.jpg"" target=""_blank"">This job Ben got in 1753</a> helped his business, as <a href=""http://www.j-archive.com/media/2004-12-02_J_09.mp3"">described here</a>",Postmaster,Non-Fiction
POTENT PEOPLE,$400,Elizabeth I succeeded the woman nicknamed this,"""Bloody Mary""",Non-Fiction
SPACE EXPLORATION,$200,"In 1984 Bruce McCandless became the first human to perform an untethered EVA, which stands for this",Extra-vehicular activity,Non-Fiction
LET'S HAVE A CONFERENCE,$600,"(I'm NFL wide receiver Jimmy Smith)  I played for Jackson State University in this conference, abbreviated the SWAC",Southwestern Athletic Conference,Sports
FILMS OF THE '70s,$1000,"In 1975 John Huston co-starred with Sean Connery in ""The Wind and the Lion"" & directed him in this film",The Man Who Would Be King,Fiction
CHILE DOGS,$400,In Concepcion this large dog is called un gran danes,a Great Dane,Non-Fiction
YOU'RE ALL WET,$1000,The name of this ocean is derived from the name of a titan in Greek myth who was a brother of Prometheus,the Atlantic,Non-Fiction
ADD TWO LETTERS,$2000,New or fresh; add two letters & you get this adjective for an early inhabitant of Australia,original & Aboriginal,Non-Fiction
MOVIE DEBUTS,$100,"His first film, the 1940 musical ""Too Many Girls"", starred Lucille Ball; they married soon after",Desi Arnaz,Non-Fiction
"""K"" RATIONS",$800,"On the big screen he was billed as the ""Eighth Wonder of the World""",King Kong,Fiction
"STARTS WITH ""A""",$200,"In names of holidays, this word precedes Saints' Day & Souls' Day",All,Non-Fiction
"GET ""OUT OF"" HERE!",$1000,Robert Redford played hunter Denys Finch Hatton in this 1985 biopic,Out of Africa,Fiction
LEGAL LINGO,"$1,500","(VIDEO DAILY DOUBLE): ""(Hi, I'm Star Jones of ""The View""; as a lawyer I can tell you) This Latin phrase meaning ""of unsound mind"" is often used to indicate permanent or temporary insanity""",Non compos mentis,Non-Fiction
THE EMMYS,$1600,Bruce Willis won an Emmy for his guest shot on this sitcom as a lawyer who was eager to date Rachel,Friends,Fiction
BUSINESS & INDUSTRY,$200,Recent versions of this company's flagship product include Dr. Barbie & Teacher Barbie,Mattel,Non-Fiction
QUITE A DICKENS CHARACTER,$400,"Nickname shared by Captain Ahab's cabin boy & the narrator of Dickens' ""Great Expectations""",Pip,Fiction
WHEN,$100,"On Aug. 28, 1963 he told a crowd gathered in Washington, D.C. ""I have a dream""","Martin Luther King, Jr.",Non-Fiction
ABBA-SOLUTELY FABULOUS,$400,"""See that girl, watch that scene, dig in"" this ABBA title teen",the Dancing Queen,Fiction
"A ""HARD"" PLACE",$300,"Song that tells us, ""When I get home to you, I find the things that you do will make me feel alright""","""A Hard Day's Night""",Fiction
"YOUR BODY AND ""U""",$400,One kind of this is a wound on the skin; another kind affects the mucous membrane as in the lower esophagus,an ulcer,Science/Geography
NAME THE PARENT COMPANY,$1600,Dutch Boy paints,Sherwin-Williams,Non-Fiction
STATE CAPITALS,$500,"The name shows its founder, Roger Williams, believed God led him there",Providence,Science/Geography
GAMES,$400,"Popular parlor game also known as ""Animal, Vegetable, or Mineral?""",20 questions,Sports
PACKAGING,$500,"Term for a type of ""bomb"" or a spray can that contains gas under pressure",Aerosol,Non-Fiction
PRIME MINISTERS,$100,This current French president served as prime minister under both Giscard d'Estaing & Mitterrand,Jacques Chirac,Non-Fiction
THE WORLD'S OCEANS,$200,"At 28,374 feet, the Puerto Rico Trench is this ocean's deepest point",the Atlantic,Science/Geography
VOCABULARY,$200,"It can describe a row of bushes that form a border, or it can mean to stall, as if hiding behind one",Hedge,Non-Fiction
BOOKS & AUTHORS,$500,"This author of ""All I Really Need to Know I Learned in Kindergarten"" is an ordained Unitarian minister",Robert Fulghum,Non-Fiction
AFRICAN MYTHOLOGY,None,"The great creator said these animals couldn't eat the fish of the river, so they fed on the land at night",Hippos,Science/Geography
EUROPEAN COMPOSERS,$1200,"At the time of this ""New World"" composer's death in 1904, he was the director of the Prague Conservatory",Dvorak,Non-Fiction
GET A JOB ALREADY!,$600,This occupation consists of perambulating with basenjis & schnauzers,walking the dogs,Non-Fiction
100 _____ MAKE A....,$100,Scrape together 100 sen & you can trade them in for one of these in Japan,Yen,Science/Geography
ZOOLOGY,$100,"Despite its name, it can have anywhere from 14 to 177 piars of legs",Centipede,Science/Geography
A GORILLA'S BEST FRIEND,$800,"Discovered in 1966, Snowflake was the first known specimen of this type of gorilla",White/albino gorilla,Science/Geography
DOG STARS,$200,It's the comic strip in which you'll find the Bumsteads' dog Daisy,"""Blondie""",Fiction
THE BELLS ARE RINGING,$1000,"Poe rhymed ""the rolling of the bells--of the bells, bells, bells"", with this ""of the bells""",the tolling of the bells,Fiction
POLITICAL TERMS,$600,"According to the Pledge of Allegiance, our flag stands for this form of government",republic,Non-Fiction
WORLD CELEBRITIES,$300,B.K.S. Iyengar of India is often called the world's foremost teacher of this body-twisting practice,Yoga,Non-Fiction
THE KOSOVO SITUATION,$400,Serbs hold Kosovo dear because they lost a 1389 battle there to this empire,Ottoman Empire,Non-Fiction
"""WOO"" WOO!",$400,Chewbacca is the best known of these fictional creatures,a Wookiee,Fiction
TECH TALK,$1600,3-letter (sounding like 3-word) name of an instant messaging program introduced in November 1996,ICQ,Non-Fiction
"""C""OUNTRIES",$2000,This nation that joined the E.U. as a divided country is working with the U.N. to reunite under a federal structure,Cyprus,Non-Fiction
DA VINCI,$800,"Dan Brown's ""The Da Vinci Code"" reveals clues in da Vinci's works including one titled this woman ""of the Rocks""",The Madonna,Fiction
MEASURE FOR MEASURE,$1000,"Abbreviated Wb, it's a unit of magnetic flux, not barbeque intensity",a weber,Science/Geography
EVERYTHING'S COMING UP MOSES,$800,"Despite what Charlton Heston did, in Exodus, Moses climbs this at least 7 times, not just twice",Mt. Sinai,Non-Fiction
U.S. GEOGRAPHY,$200,A small part of this California mountain range extends into the Lake Tahoe area of Nevada,Sierra Nevadas,Science/Geography
VICE PRESIDENTS,$300,"In 1900 Republicans put this ""Rough Rider"" on the ticket to counter the appeal of Democrat William Jennings Bryan",Theodore Roosevelt,Non-Fiction
"""M"" & EMMYS",$1000,"If you do a little snooping, you'll find that Bruce Willis won in 1987 for this series",Moonlighting,Non-Fiction
THEY ALMOST STARRED IN....,$200,"When Winona Ryder bowed out of ""The Godfather, Part III"" his daughter Sofia replaced her",Francis Ford Coppola,Non-Fiction
NATIONAL PARKS,$400,Upper Geyser Basin in this park has dozens of thermal features,Yellowstone,Science/Geography
TV TEENS,$800,Matt Camden was 16 & his sister Mary 14 when this WB show premiered in '96,7th Heaven,Non-Fiction
FOOD FOR THOUGHT,$800,Squash & sweet potatoes are rich in this orange pigment that's good for the eyes & the brain,beta carotene,Science/Geography
"DOME, SWEET DOME",$400,The only ruin intenionally left standing in this Japanese city is the A-Bomb Dome,Hiroshima,Non-Fiction
GOING CUCKOO,$100,"Sonny is the bird who's ""cuckoo for"" this cereal",Cocoa Puffs,Fiction
STATE SYMBOLS,$400,"In 1982, Colorado made this plated dinosaur its state fossil",the Stegosaurus,Non-Fiction
TELEVISION,$300,"This Phil Silvers character was master sergeant of the motor pool at Fort Baxter, Kansas",Sgt. Bilko,Fiction
TAKE A LETTER,$400,The Spanish put a tilde above this letter to indicate a palatal nasal sound,N,Non-Fiction
"""E"" TIMES 3",$400,King David & Jesus both hailed from this town,Bethlehem,Non-Fiction
FRENCH NAMES OF COUNTRIES,$200,Arabie Saoudite,Saudi Arabia,Non-Fiction
H.H.,$600,"In 1607, he sailed further north than anyone before him, reaching Spitsbergen, 700 mi. from the Pole",Henry Hudson,Non-Fiction
ART FOR ART'S SAKE,$800,"She's the Pennsylvania-born expatriate whose work is seen <a href=""http://www.j-archive.com/media/2005-12-05_J_16.jpg"" target=""_blank"">here</a>",(Mary) Cassatt,Non-Fiction
WORD ORIGINS,$100,Mark Twain should have known the name of this fruit may be an alternation of “hurtleberry”,huckleberry,Non-Fiction
WHAT FOODS THESE MORSELS BE,$300,This festive holiday drink can be enjoyed all year: (topped with nutmeg),Eggnog,Non-Fiction
FOOD & DRINK BRANDS,$2000,The name of this brand of hard candies was meant to suggest a friendly Western company,Jolly Rancher,Non-Fiction
"I ""AM""",$400,Horrors!  It's a 5-letter term for friendliness,amity,Non-Fiction
THE LAW,$400,An application to a judge to obtain an order; a lawyer might make one to dismiss or to suppress,a motion,Non-Fiction
IN THE NAVY,$400,In 1972 the U.S. Navy promoted its first woman to this rank,Admiral,Non-Fiction
HISTORIC DOCUMENTS,$200,Much of this man's 1796 farewell address was Alexander Hamilton's work,George Washington,Non-Fiction
PO BOYS,$1200,"After featuring his bare chest & flowing locks on the covers of romance novels, this Milan man wrote a few too",Fabio,Non-Fiction
RHYME TIME,$200,$1.99 for a box of Uncle Ben's,rice price,Non-Fiction
STATE BORDERS,$1000,The Connecticut River forms the border of these 2 New England states north of Connecticut,New Hampshire & Vermont,Non-Fiction
BOXING,$400,In 1915 Jess Willard took the heavyweight title from this first black man to hold it,(Jack) Johnson,Sports
PROVERBS,$600,Over 400 years B.C. Thucydides wrote history tends to do this,"""Repeat Itself""",Non-Fiction
MOVIE QUOTES,$200,"Orson Welles film in which you'd hear the line ""I think it would be fun to run a newspaper""",Citizen Kane,Fiction
UTTER NONSENSE,$1000,Helium or this can be used to raise a balloon from which a gondola is suspended,hot air,Science/Geography
ENDS WITH 3 VOWELS,$1600,Emmy-winning actor Bridges,Beau,Non-Fiction
I'VE TRAVELED EACH & EVERY HIGHWAY,$2000,"Domine Quo Vadis Church stands on this road, where tradition says Peter asked Jesus, ""Lord, where are you going?""",the Appian Way,Non-Fiction
"WHAT'S UP, DUCK?",$1000,This controversial social drama by Henrik Ibsen premiered in Norway in 1885,The Wild Duck,Non-Fiction
DIRTY ROTTEN SCOUNDRELS,$200,"This woman with a reputation as a hard-drinking, foul-mouthed ruffian claims she married Wild Bill Hickok",Calamity Jane,Non-Fiction
A NUMBER LESS THAN 10,$400,"In cricket scoring, it's a duck's egg",0,Sports
"A BOY NAMED SUE, ET AL.",$800,"This actress has played a vice president, a chief justice, Homer Simpson's mom & Cruella de Vil",Glenn Close,Non-Fiction
DIRECT TO VIDEO,$100,"You can order a copy of this fitness guru's ""Sweatin' To The Oldies"" from his web site",Richard Simmons,Non-Fiction
POLITICAL QUOTES,$200,"Louisiana ""Kingfish"" who reportedly said, ""The time has come for all good men to rise above principle""",Huey Long,Non-Fiction
HYPO-POURRI,$200,"One who fears that he is suffering from a major undetected disease, despite medical evidence to the contrary",a hypochondriac,Science/Geography
TAKES 2 TO TONGA,$800,"Like its longtime benefactor the U.K., Tonga's political system is a hereditary, constitutional one of these",a monarchy,Non-Fiction
LANDLOCKED UP,$400,One of the 2 landlocked countries that border the Czech Republic,(1 of) Austria (or Slovakia),Non-Fiction
BRITISH HISTORY,$1000,"Though it sounds like a grim volume, it's just William the Conqueror's survey of the British kingdom",The Domesday Book,Non-Fiction
AROUND THE HORN,$600,This strait that separates the Pacific & Atlantic oceans is named for a Portuguese guy,Magellan,Non-Fiction
"""R"" TOWN",$200,"If you're tall & tan & young & lovely, head to Ipanema Beach in this city",Rio de Janeiro,Non-Fiction
MIDDLE NAMES,$200,Middle name of baseball pitcher Lynn Ryan Jr.,Nolan,Sports
CAPITAL CITY BIRTHPLACES,$400,Simon Bolivar,Caracas,Non-Fiction
WHERE YA FROM?,$400,Lucy Lawless,New Zealand,Non-Fiction
GUITARIST'S LINGO,$400,The Byrds' Roger McGuinn is perhaps the most famous player of the Rickenbacker guitar with this many strings,12,Non-Fiction
BEASTLY LIT,$1600,"A mystery by Donna Andrews: ""We'll Always Have"" these birds",Parrots,Fiction
AMERICAN POLITICAL IDOL,"$1,500","The Whiskey Ring scandal & William Belknap, his Sec. of War, impeached? No wonder this Republican didn't get a third term!",Ulysses Grant,Non-Fiction
THE CIVIL WAR,$1200,"Though designed to hold 10,000 men, this notorious prison once held more than 32,000",Andersonville,Non-Fiction
FAMOUS COUNTS,$200,This literary count was based in part on a Romanian prince named Vlad the Impaler,Count Dracula,Fiction
WHAT'S ON YOUR HEAD?,$1000,"This hat named for its ""north-of-the-border"" wearers is worn in the U.S. by state policemen & forest rangers",a Mountie hat,Non-Fiction
YOU'RE A JEOPARDY! FAN IF…,$200,"A citizenship test asks for these 3 enemy countries of the U.S. in WWII & all you hear is ""Da-da-da-da…""","Germany, Italy & Japan",Non-Fiction
FASHION HISTORY,$300,"When a Roman youth reached manhood, he began to wear a toga pura of this color",white,Non-Fiction
"""MISS""CELLANY",$200,You don't have to be a rocket scientist to know it's the command center for a manned space flight,Mission Control,Non-Fiction
DESCRIBING THE TV SHOW,$400,"Gary Coleman co-stars, at home with the Drummonds, what'chu talkin' 'bout, contestants?",Diff'rent Strokes,Fiction
HAIL TO THE CHIEF,$1200,"In 1900 he ran on the campaign slogan ""Four years more of the full dinner pail""",McKinley,Non-Fiction
EXPLORERS & EXPLORATION,$200,"Richard Burton claimed John Speke didn't follow this river in full from its source, so he was a big faker",the Nile,Non-Fiction
MODES OF TRANSPORT,$100,Goodyear's The Eagle,Blimp,Non-Fiction
THE HOME SPA,$200,Cleopatra is said to have used rejuvenating products from this saline body of water in which the Jordan ends,the Dead Sea,Non-Fiction
OLD RADIO ADVENTURES,$1000,"""The Adventures Of"" this ""Farewell, My Lovely"" detective debuted in 1947, long before the Mitchum film",Philip Marlowe,Non-Fiction
MUSIC'S MISSING PERSONS,$800,"Van Halen: ""____'s Cryin' """,Jamie,Fiction
DON'T SAY      MOBY DICK,$200,In 1851 Harriet Beecher Stowe began serializing this,Uncle Tom's Cabin,Fiction
"IT'S CANADA, EH",$2000,"The name of this peninsula in S.E. Quebec might come from a Mi'kmaq Indian word meaning ""land's end""",Gaspé,Non-Fiction
"OF ""STAR""s",$800,Luminous celestial object in Matthew that led the Magi to the Baby Jesus,the Star of Bethlehem,Non-Fiction
VICE-PRESIDENTS,$1000,Harry Truman was exceptionally pleased with the performance of this vice president,Alben Barkley,Non-Fiction
LET'S SEE WHAT'S OVER THERE,$1600,This Jesuit missionary explored the Mississippi with Louis Joliet,Marquette,Non-Fiction
WE'VE GOT YOUR NUMBER,$200,"During WWII, the total number of stars on the U.S. flag",48,Non-Fiction
LITERARY QUOTES,$200,"About the respectability of whaling, this 1851 novel claims, ""Whaling is imperial!""","""Moby Dick""",Fiction
OSCAR-WINNING SINGERS,None,2 of the 4 people who've had a Billboard No. 1 pop album & also won a regular acting Oscar,"(2 of) Bing Crosby, Frank Sinatra, Barbra Streisand, & Jamie Foxx",Non-Fiction
A DAY WITH GRANDMA,$1200,"It was awkward when Grammy asked about your sister's this--you thought she meant archery, but she meant a boyfriend",a beau,Non-Fiction
PEOPLE WITH MUPPET NAMES,$200,Elmo Lincoln was the 1st to play this film character as an adult; he was later played by Weissmuller,Tarzan,Non-Fiction
SCIENTISTS,$100,Former German scientist who became director of the Geo. C. Marshall Space Flight Center in 1960,(Wernher) Von Braun,Science/Geography
LONG LIVE THE COMPANY,$200,"This company started by selling starch, soap & candles in 1806; it merged with Palmolive in 1928",Colgate,Non-Fiction
WOMEN AUTHORS,$2000,"2008's ""The Purrfect Murder"" is the latest in a series of mysteries by this activist & her cat Sneaky Pie",Rita Mae Brown,Fiction
HOME BOYS,$600,Gophers,Minnesota,Sports
FOOD IN FRENCH,$800,"(Sarah of the Clue Crew reports from Paris)  Oddly, in French, french fries aren't called french fries, but these",pommes frites,Non-Fiction
"STARTS & ENDS WITH ""A""",$200,"In this province, Medicine Hat, as well as Calgary, hold annual stampedes",Alberta,Non-Fiction
"""HY"" THERE",$600,The handsome young Greek god of marriage,Hymen,Fiction
MAGAZINES,$1000,Flashy journal of cyberspace that shares its name with a biography of John Belushi,Wired,Non-Fiction
MR. POTATO HEAD,$200,"Mr. Potato Head's ""Picnic Pals"" of the '60s included Mr. Ketchup Head & this other condiment character",Mr. Mustard Head,Fiction
"CROSSWORD CLUES ""B""",$1600,To invite or summon (6),beckon,Non-Fiction
THE OLD WEST,$300,"In Old West slang, someone in ""these"" with another was in partnership with him",cahoots,Non-Fiction
THE 3 R's,$300,The Romans gave us this letter by adding a small stroke to the letter C,G,Non-Fiction
EARTH SCIENCE,"$1,000","Today, it lies near Ellef Ringnes Island in northern Canada",North Magnetic Pole,Science/Geography
OOPS!,$500,"American Family Publishers' letter to a Florida church said this addressee was in the running for $11,000,000",God,Non-Fiction
"""BON"" APPETIT",$1000,"<a href=""http://www.j-archive.com/media/2010-10-29_J_15.jpg"" target=""_blank"">This</a> distinctive predator is seen <a href=""http://www.j-archive.com/media/2010-10-29_J_15a.jpg"" target=""_blank"">here</a>.",bonnethead shark,Science/Geography
"""J"" WALKING",$2000,Christian monk & translator Eusebius Hieronymus is better known as this saint,Saint Jerome,Non-Fiction
"""SAN""",$1600,"From the Latin for ""holy"", it means feigning great righteousness & piety",sanctimonious,Non-Fiction
"THE ""WEST"" WING",$100,In 1863 it was admitted to the Union as the 35th state,West Virginia,Non-Fiction
SONGS,$1000,The title of this wistful Beach Boys song is also the title of Brian Wilson's autobiography,"""Wouldn't It Be Nice?""",Fiction
"THE SOUND OF ""MUSIC""",$200,"10 kids, 9 seats, 1 piano & you're ready to play this",Musical chairs,Sports
POTENT POTABLES,$400,A 7&7 mixes 7Up & this,Seagram's 7,Non-Fiction
"""A"" BEFORE ""E""",$600,"For its 75th anniversary, it is offering flights between Dublin & Boston for as low as 199 euros",Aer Lingus,Non-Fiction
TRUE & FALSE,$400,The true morel variety of these is okay to eat; the false morels are poisonous,mushrooms,Science/Geography
"A SHAKESPEARE PLAY, FOR OPENERS",$200,"This play opens on the battlements of the castle at Elsinore as Barnardo asks, ""who's there?""",Hamlet,Fiction
"WHAT'S ""UP"" DOC",$100,Direction you want to be when meeting a skunk,upwind,Non-Fiction
LET'S GET SMALL,$800,"Preparing objects for a microscope may include sectioning & this, the dyeing of the object for study",staining,Science/Geography
THE HERO WITH...,$800,The Golden Apples of the Hesperides,Hercules,Fiction
POETRY IN MOTION,$1600,"""'Forward the light brigade!' Was there a man dismay'd?  Not tho' the soldier knew some one had blunder'd""",Tennyson,Fiction
DAISY CRAZY,$400,It's used as the printing element in certain electric typewriters & older computer printers,a daisy wheel,Non-Fiction
SUPER,$2000,"A scene at the end of ""Iron Man"" finds Samuel L. Jackson as this one-eyed S.H.I.E.L.D. director",Nick Fury,Fiction
COUNTRIES BY CAPITAL,$200,South of the border: Santiago,Chile,Non-Fiction
U.S. COINS,$800,"It should be easy to ""home"" in on this longest of the 10 words on the back of a current nickel",Monticello,Non-Fiction
THE HEAVENS,$2000,In 1664 Robert Hooke discovered this still largely mysterious feature of Jupiter,the Great Red Spot,Science/Geography
TOUGH TV,$400,"Her 3 regular roles on TV have been Zena Sherman, Carla Tortelli & Pearl Caraldo",Rhea Perlman,Non-Fiction
RELIGIOUS LEADERS,$100,The Rev. Heber Jentzch heads this L. Ron Hubbard religion,Scientology,Non-Fiction
AT THE MOVIES,$2000,"This director of 1931's ""Frankenstein"" was the subject of the film ""Gods and Monsters""",James Whale,Non-Fiction
TAKE-OFFS,$800,"""Molvania: A Land Untouched by Modern Dentistry"" is a satirical type of this guide",a travel guide,Non-Fiction
IT'S IN YOUR MIND,$1000,I love Dr. Freud for using this term for strong feelings of attachment by a patient toward an analyst,transference,Science/Geography
SKIN DEEP,$300,The little sections of dead epidermis around your fingernails,Cuticles,Science/Geography
TIME'S MAN OF THE YEAR,$400,Pope John XXIII was Man of the Year for 1962; this pope was Man of the Year for 1994,Pope John Paul II,Non-Fiction
STEPHEN KING NOVEL PLOTS,$400,Young Charlie McGee inherits pyrokinetic powers from her parents & the feds want to recapture all of them,Firestarter,Fiction
DOGS OF WAR,$1000,The dog Soter warned the citizens of an attack in this ancient Greek port city founded by Dorians,Corinth,Non-Fiction
MUSICMAKERS,$1000,"In 1972 he ""and Mrs. Jones"" had a ""thing going on""",Billy Paul,Non-Fiction
PORT CITIES,None,It was Russia's third-largest city until it became the capital of an independent republic in 1918,"Riga, Latvia",Non-Fiction
"CROSSWORD CLUES ""F""",$400,Morris the Cat's adjective              (7),Finicky,Fiction
TRANSPORTATION,$300,"One of America's busiest airports, its 3-letter designation is ORD",O'Hare Airport (Chicago),Non-Fiction
"IT'S A ""SNAP""",$1000,These aggressive freshwater reptiles can reach 30 inches across & 200 pounds,snapping turtle,Science/Geography
CONGRESSIONAL BEFORE & AFTER,$800,The North Carolina senator grown in Hawaii by one company since 1851,Elizabeth Dole Pineapple,Non-Fiction
A LITTLE LEGALESE,"$4,000","Leading questions may be used when dealing with an adverse witness, also called this type of witness",hostile,Non-Fiction
CAPITAL IDEAS,$800,The U.K. helped fund the design of this capital after Belize City was destroyed by a hurricane,Belmopan,Non-Fiction
BITS & PIECES,$600,"Seeing these new guests at the National Zoo, Clinton said he could be like them: sleep 20 hrs. a day & eat 4 hrs.",giant pandas,Non-Fiction
FAMOUS PAIRS,$1200,The Bad Boys of Magic: Penn &  ______,Teller,Non-Fiction
GEORGIE,$200,"Born in New Haven, Connecticut in 1946, he grew up to be president of the United States",George W. Bush,Non-Fiction
THAT'S HISTORY,$400,"When the Tuscaroras joined, the Iroquois League updated its name to this",League of Six Nations,Non-Fiction
FOR PETE'S SAKE,$500,"World Book says it, flat out: this man ""was the greatest Flemish painter of the 1600s""",(Peter Paul) Rubens,Non-Fiction
___ OF ___,$200,Edith Wharton won a Pulitzer Prize for this novel,The Age of Innocence,Fiction
CITY OF THE DAY: RALEIGH,$200,"Because of its fine museums, Raleigh has been dubbed this D.C. institution ""of the South""",the Smithsonian,Non-Fiction
GETTING MALL-ED,$400,In 1986 ThisCompanyKids opened its first store; in 1990 BabyThisCompany was born,The Gap,Non-Fiction
THE ELEMENTS,$100,"This metal, Al, used in beverage cans & food wrap was once considered a precious metals",aluminum,Science/Geography
WEIGHTS & MEASURES,$400,"Hold your breath!  If you traveled 20,000 leagues under the sea, you'd go 60,000 of these",miles,Science/Geography
WOOD,$600,"This tree's name has passed into the names of honors, like a poet's post or a degree",Laurel,Non-Fiction
"NOTHING ""BUT""",$1200,He was Secretary of Agriculture under Nixon & Ford,Earl Butz,Non-Fiction
"A CATEGORY WITH ""FIN""s",$800,"It's the ""F"" in a corporation's CFO",financial,Non-Fiction
GRAVE MATTERS,$400,In 1840 his body was moved from St. Helena to Paris & entombed in the Church of the Dome,Napoleon,Non-Fiction
TRANSLATION,$200,"English readers & Disney viewers know Hugo's ""Notre-Dame de Paris"" by this title","""The Hunchback of Notre Dame""",Fiction
GREAT THINGS,$200,The Great Smokies are part of this larger system,the Appalachians,Science/Geography
AMERICAN HISTORY,$200,"After General Cornwallis Surrendered at Yorktown, this American traitor accompanied him back to England",Benedict Arnold,Non-Fiction
THE REEL WORLD,$300,"The L.A. Times said this 2000 Nick Park animated film was ""Poultry in Motion""",Chicken Run,Fiction
AUTHOR! AUTHOR!,$1000,"""Looking Backward""",Edward Bellamy,Non-Fiction
MILK,$2000,Milk is forced through small openings at high pressure to evenly distribute the cream in this process,homogenization,Science/Geography
IT TAKES A THIEF,$200,What a thief called a “dip” dips into,pocket,Non-Fiction
THE AMERICAN FLAG,$600,"According to the Pledge of Allegiance, the American flag stands for this type of government",Republic,Non-Fiction
"PASS THE ""P""s",$1200,"It's a British word for a fistfight; in Hollywood, it's to add jokes to a comedy script",a punch-up,Non-Fiction
SHAKEN-UP SHAKESPEARE,$2000,"Yee-haw!  Colonel John Falstaff goes a-wooing in ""Lone Star Love"", a musical that moves this comedy to Texas",The Merry Wives of Windsor,Fiction
THIS & THAT,$1600,"In German, it means ""until we see each other again""",auf wiedersehen,Non-Fiction
LEFTOVERS,$200,"A notebook newly brought to light shows this Procter partner's ""Eureka!"" moment in making Ivory soap float",Gamble,Non-Fiction
THE REPLACEMENTS,$200,"A piece that makes it to your foe's deepest row in checkers can be replaced with one of these ""royal"" ones",a king,Sports
ON THE WEB,$1200,"Looking for old high school friends?  Try this site, ""The World's Best Place to Reunite""",Classmates.com,Non-Fiction
ASTRONOMERS,$400,Oh my heavens!  In 1706 Danish astronomer Olaus Roemer published a new catalog listing these,stars,Science/Geography
BORN IN 1909,$400,"Barry Goldwater, in Arizona, which still had this status",a territory,Non-Fiction
"""A"" PLUS",$100,To improvise a speech or performance on the spot,Ad-lib,Non-Fiction
RUSSIAN FOOD & DRINK,$600,"Named for a former Soviet city, this butter-filled fried chicken dish is often served in Russian cuisine",chicken Kiev,Non-Fiction
WORLD WAR I,$700,"Later a marshal, on April 14, 1918 he was named commander of all Allied forces in France",Marshal Ferdinand Foch,Non-Fiction
BEASTLY MOVIE TITLES,$200,This 1990 film is one of the few kids' pictures about sewer-dwelling reptiles,Teenage Mutant Ninja Turtles,Fiction
"EAT IT, SPEND IT, OR WEAR IT",$800,Birr,spend it,Non-Fiction
"""O"" BABY!",$1200,Examples of this exotic flower include Snakemouth & Lady's Slipper,orchid,Science/Geography
PAUL REVERE,$400,Boston's Museum of Fine Arts has an impressive collection of Revere's work in this metal,silver,Non-Fiction
"LET IT SNOW, LET IT SNOW, LET IT SNOW",$400,The National Weather Service defines this as snowy winds of 35 mph with 1/4 mile visibility lasting for 3 hours,a blizzard,Science/Geography
"THERE'S AN ""A""",$1000,Krishna is the eighth & best-known of these incarnations of Vishnu,Avatars,Fiction
AROUND THE WORLD,$400,"This Scandinavian country is quite flat: its highest point, Yding Skovhoj, is just 568 feet high",Denmark,Non-Fiction
DESCRIBING THE PRESIDENT,$400,"Had a Springfield in his step, look him up at his Gettysburg Address, enjoyed the theater a bit too much",Abraham Lincoln,Non-Fiction
WORLD FACTS,$600,"The lowest river in the world, it's revered by Jews, Christians & Muslims alike",The River Jordan,Science/Geography
"PASS THE ""P""s",$2000,"The unscheduled temporary replacement of a TV show, often by a newsworthy event",preemption,Non-Fiction
WRITERS,"$2,200","Richard Wright wrote ""Native Son""; this fellow African-American author wrote ""Notes of a Native Son""",James Baldwin,Non-Fiction
PASTIMES,$1000,This basic knitting stitch is drawn through the back of the preceding loop,purl,Non-Fiction
CHAD IS RAD,$1600,It's the country directly north of Chad,Libya,Non-Fiction
TRAVEL U.S.A.,$100,Wicker furniture maker Harry Shill built the rolling chairs used on this city's Boardwalk,Atlantic City,Non-Fiction
A KATE-GORY,$500,"Celebrity birthdays for January 16 include Marilyn Horne, A.J. Foyt & this waif supermodel",Kate Moss,Non-Fiction
BEAR WITH ME,$400,Customers at the saloon of this frontier judge would buy sarsaparilla for his bear Bruno,Judge Roy Bean,Non-Fiction
"5 ""CC""s",$600,"When Native Americans put on the old soft shoes, they are often these, made of soft leather or deerskin",moccasins,Non-Fiction
"""F"" IN ANATOMY",$1600,The security of the ankle joint depends largely on this seemingly delicate bone,the fibula,Science/Geography
RHYME TIME FOOD & DRINK,$1200,A malt beverage like O'Doul's with little or no alcohol,near beer,Non-Fiction
PRESIDENTS & FIRST LADIES,$200,In 1805 an agricultural society gave this U.S. president a gold medal for one of his inventions,Thomas Jefferson,Non-Fiction
CLASS FIELD TRIP,$1200,A class field trip to an aviary means you're going to an enclosure where these are kept,birds,Non-Fiction
"""GOOD"", ""BAD"" & ""UGLY"" MOVIES",$800,"Robert De Niro, Joe Pesci & Ray Liotta--need I say more?",Goodfellas,Fiction
"FISH, BIRD OR MAMMAL",$1000,The margay,a mammal,Science/Geography
POLITICIANS MAKE ME CUSS,$400,"""For the love of"" Wyoming senator Enzi!",Mike,Non-Fiction
HORSES,$200,This spotted breed originated in the Palouse River region of Washington & Idaho,Appaloosa,Science/Geography
"I'M JUST A ""BILL""",$800,The top of this recreation item is called the bed & may be 800 pounds of slate,a billiard table,Sports
SPORTS NICKNAMES,$200,Broadway Joe,Joe Namath,Sports
"IT'S A ""BUST""!",$400,Last-ditch Senate maneuver,a filibuster,Non-Fiction
ONCE UPON A NOVEMBER,$1200,"This pair saw the Pacific Ocean for the first time at the mouth of the Columbia River on Nov. 7, 1805",Lewis & Clark,Non-Fiction
CLOTHING,$400,Low necklines & high waists were features of the Empire Style popularized c. 1805 by this French empress,Josephine,Non-Fiction
CURRENT TV THEMES,$1000,"This group features Les Claypool performing the theme for ""South Park""",Primus,Fiction
"""HY"" SCIENCE",$400,It's the main branch of engineering that studies the mechanical properties of fluids,hydraulic engineering,Science/Geography
WORKING WITHOUT ANNETTE,$600,"With Annette nowhere in sight, Frankie Avalon played a 39-year-old teen angel in this 1978 musical film",Grease,Fiction
THE DENVER MINT,$400,"(<a href=""http://www.j-archive.com/media/2007-07-05_DJ_26.jpg"" target=""_blank"">Kelly of the Clue Crew reports from the Denver Mint.</a>) Production of quarters starts with coils of metal fed into a press; it's mainly this metal, that's more associated with pennies",copper,Science/Geography
AMERICAN FACES,$2000,"Known to many a slender fellow, he's the big guy <a href=""http://www.j-archive.com/media/2007-04-03_DJ_05.jpg"" target=""_blank"">seen</a> <a href=""http://www.j-archive.com/media/2007-04-03_DJ_05a.jpg"" target=""_blank"">here</a> as he looked in those magazine ads",Charles Atlas,Non-Fiction
SHOP 'TIL YOU DROP,$1200,"This electronics store wants to be female-friendly & now has Magnolia Stores, which have a living room feel",Best Buy,Non-Fiction
"""O""PERA",$1600,Titania & Puck play a part in the Carl Maria Von Weber opera named for this king of the fairies,Oberon,Fiction
E_____E,$200,"When it comes to this flat container, you can stuff it, lick it, or ""push"" it",an envelope,Non-Fiction
COLONIAL NAMES FOR COUNTRIES,$400,Dutch East Indies,Indonesia,Non-Fiction
CHICAGO,$100,"Some attribute this nickname of the city to its proud, boasting citizens, not its breeziness","""The Windy City""",Non-Fiction
COLLEGE MOVIES,$400,"Disillusioned with their lives, Luke Wilson & Will Ferrell start their own frat in this film",Old School,Fiction
"NEXT STOP, VENUS",$1000,"Similar to an eclipse, it's the term for the rare passing in front of the sun that Venus did on June 8, 2004",a transit,Science/Geography
POETRY,$600,"William Blake asked, ""Little"" this ""who made thee?"" & ""gave the clothing of delight...wooly, bright""",lamb,Fiction
BEHIND THE MUSIC,$2000,"<a href=""http://www.j-archive.com/media/2002-02-25_DJ_10.mp3"">One of the most poignant BTM episodes reunited this teen idol with his paralyzed friend Roland Winkler</a>",Leif Garrett,Non-Fiction
"YOU'VE MET YOUR ""MATCH""",$800,Beyond comparison,matchless,Non-Fiction
ENTOMBMENT,$200,Trinity Church in NYC was where this Treasury Sec. worshipped & where he was buried after the duel,Alexander Hamilton,Non-Fiction
FANTASTIC MR. FOX,$400,"When Mr. & Mrs. Fox start a family, the babies are called pups, kits or this, like a bear's",cubs,Fiction
"""Y"" IS THE ONLY VOWEL",$200,British clergyman Charles Wesley was a notable Methodist writer of these,hymns,Non-Fiction
POETS & POETRY,$600,"""Seldom does a first book contain so few unsuccessful things"", said Amy Lowell of his ""Chicago Poems""",Sandburg,Non-Fiction
"CROSSWORD CLUES ""S""",$400,"City by the bay (3, 9)",San Francisco,Science/Geography
RELIGION,$400,This synagogue ceremony marking manhood dates to the Middle Ages,Bar Mitzvah,Non-Fiction
SONGS EVERYBODY KNOWS,$1000,"This Italian classic whose title translates as ""O My Sun!"" dates from 1898","""'O Sole Mio""",Fiction
SCIENCE FICTION,$200,The central character in this 1953 novel by Ray Bradbury is third-generation fireman Guy Montag,Fahrenheit 451,Fiction
TAKE A POWDER,$600,"Seidlitz Powder, taken for cathartic effect, includes this element's bicarbonate",sodium,Science/Geography
SPORTS,$200,"In 1988 after 8 seasons as the NHL's MVP, this center was traded by Edmonton to the L.A. Kings",Wayne Gretzky,Sports
VICE-PRESIDENTS,$100,"Some unkindly called this vice president & successor ""Nixon's revenge""",Ford,Non-Fiction
MILITARY SCIENCE,$600,The bugle call that starts the day or the morning ceremony with the flag raising,Reveille,Non-Fiction
THE STAMP ACT,$800,"The <a href=""http://www.j-archive.com/media/2008-02-20_DJ_02.jpg"" target=""_blank"">Pollination</a> stamps show a butterfly, a bat, bees & this small nectar-sipping bird",a hummingbird,Science/Geography
PETER,$800,"In an HBO biopic John Lithgow played Blake Edwards, & Geoffrey Rush, this late actor",Peter Sellers,Fiction
NOTABLES RHYME TIME,$600,Explorer Ericson's undies,Leif's briefs,Non-Fiction
ACCOUNTING EXAM,$300,The process of a firm selling parts of itself is: A. divestiture B. expenditure C. not really sure,Divestiture,Non-Fiction
PASSING TIME ON CAMPUS,$1200,"Raise some of these animals, like the Rhode Island Red or the Cornish, in the quad",chickens,Science/Geography
BROADWAY,$600,"In April 2000 Sir Derek Jacobi returned to Broadway in a new production of this playwright's ""Uncle Vanya""",Anton Chekhov,Non-Fiction
"OOO, SORRY",$800,You're 20 years late--Lagos was replaced in 1991 as the capital of this country,Nigeria,Non-Fiction
REDHEADS,$200,This redheaded Aussie wife of Tom Cruise was actually born in Hawaii,Nicole Kidman,Non-Fiction
DANGEROUS PLANET,$800,"Almost 200,000 buildings were damaged or destroyed when one of these hit Kobe, Japan in 1995",an earthquake,Non-Fiction
CHAPTER ONE,$300,"""Nobody tells fibs in Boston"", says Mrs. Luna in chapter one of his 1880s novel ""The Bostonians""",Henry James,Non-Fiction
LET'S GET TOGETHER,$1000,This island in the Indian Ocean shares its name with a type of get-together,Reunion Island,Science/Geography
SPORTSWOMEN,None,"Referring to a 1999 incident, her autobiography is titled ""It's Not About the Bra""",Brandi Chastain,Non-Fiction
MAY,$300,"This institution was formally dedicated May 1, 1847 in Washington, D.C.",Smithsonian Institution,Non-Fiction
LYRICS OF NO.1 HITS,$2000,"1982: ""Oh-oh here she comes, watch out boy, she'll chew you up, oh-oh here she comes, she's a...""","""a maneater""",Fiction
IN THE MIDDLE OF THE STATE,$800,"The General Assembly legislates this state's ""law""",Delaware,Non-Fiction
FUN WITH OPERA,$800,"Of all the operas we know, this 1893 work based on a Grimm role has the most gingerbread in it",Hansel and Gretel,Fiction
TOP 40 COMMENCEMENT ADDRESSES?,$400,"""The past is gone; it went by like dusk to dawn... Dream on, dream on, dream yourself a dream come true""",Aerosmith,Non-Fiction
MOVIE TITLE TRANSLATIONS,$600,"In France, Billy Crystal learned all about ""life, love and cows"" in this film",City Slickers,Fiction
COMMENCEMENT SPEECHES,$1600,"Speaking at the Boston College Law School, this Fed head praised J.K. Rowling & quoted John Lennon",Bernanke,Non-Fiction
AMERICAN BUSINESS,$200,"Johnson & Johnson has been ""stuck on"" this product for 85 years",Band-Aids,Non-Fiction
BOOKS ABOUT TV SHOWS,$900,Colin Dexter & Dick Francis contributed to a book about this PBS anthology series,Mystery!,Non-Fiction
AMERICAN LIT,$200,"In 1876 we saw ""The Adventures Of"" this character; in 1894 he went ""Abroad"" & in 1896 became a ""Detective""",Tom Sawyer,Fiction
ACTORS & THEIR ROLES,$200,"Tom Hanks got the starring role in this ""huge"" film after Robert De Niro turned it down","""Big""",Fiction
BIBLE BOOK BINDINGS,$400,Hey ___ Law,Jude,Fiction
NATIVE AMERICAN FOODS,$1600,"(<a href=""http://www.j-archive.com/media/2011-11-28_DJ_18.jpg"" target=""_blank"">Sarah of the Clue Crew presents the clue.</a>)  Native Americans traditionally prepared <a href=""http://www.j-archive.com/media/2011-11-28_DJ_18a.jpg"" target=""_blank"">salmon</a> by splitting them & placing them on planks of this evergreen conifer",cedar,Non-Fiction
CANALS,$400,The city of Balboa is the Pacific terminus of this 51-mile-long canal,the Panama Canal,Non-Fiction
DESPERATE MEASURES,$400,There are 192 of these in 12 pounds,Ounces,Science/Geography
"WALK INTO A ""BAR""",$400,"It's been said life is this, old chum, a restaurant with music & often a floor show",a cabaret,Non-Fiction
COLLEGES & UNIVERSITIES,$2000,Martha Stewart & Anna Quindlen are graduates of this women's college that's affiliated with Columbia,Barnard,Non-Fiction
BOOKS & AUTHORS,$800,"Perhaps the effort killed him--he died not long after completing his masterpiece ""The Brothers Karamazov""",Dostoyevsky,Non-Fiction
1998 QUOTATIONS,$100,"Concerning a failed Windows 98 demonstration, he said, ""I guess we still have some bugs to work out""",Bill Gates,Non-Fiction
9-LETTER WORDS,$400,Impossible to read because of poor handwriting,illegible,Non-Fiction
GAP,$200,Feel like a swim?  The gap between Florida & this island nation of 11 million is about 90 miles,Cuba,Non-Fiction
NEW TESTAMENT QUOTES,$200,"In Luke, Elisabeth told her, ""Blessed art thou amoung women, and blessed is the fruit of thy womb""",Mary,Fiction
THE SCIENCE OF SOUND,$800,"""Wood"" you like to name this, the quality of voiced speech sound that lets the ear identify it",timbre,Science/Geography
DOWN SOUTH,$800,In 2004 this hyphenated North Carolina city was named one of the most livable cities in America,Winston-Salem,Non-Fiction
1991 FILMS,$400,"""Once Around"" re-teamed Holly Hunter & this actor, her co-star from ""Always""",Richard Dreyfuss,Non-Fiction
"YOU JUST HAVE TO ""ASK""",$1000,Gordie Howe got his first pair of skates growing up in this Canadian city,Saskatoon,Non-Fiction
SCIENTISTS,$600,Daniel Webster represented this vulcanization inventor in a patent infringement trial,Charles Goodyear,Science/Geography
PREHISTORIC TIMES,$2000,"The name of this earliest human species is Latin for ""skillful human being""",Homo habilis,Science/Geography
DOUBLE TALK,$600,A soft sound separate from normal heart action; it may indicate a serious problem,a murmur,Science/Geography
SINGERS,None,"Artist who released the 1991 double album ""Who'll Buy My Memories:  The I.R.S. Tapes""",Willie Nelson,Non-Fiction
SOUND TECHNOLOGY,$200,"<a href=""http://www.j-archive.com/media/2005-07-21_J_22.mp3"">This</a> computer device slowly takes you online",a modem,Non-Fiction
NAME THAT CENTURY,$2000,The Manchu Dynasty is overthrown in China,the 20th century,Non-Fiction
"""C"" HERE",$100,"Fear, Horn & Cod are 3 of these",capes,Non-Fiction
A DAY AT THE MUSEUM,$800,"(<a href=""http://www.j-archive.com/media/2009-02-11_DJ_12.jpg"" target=""_blank"">Sarah of the Clue Crew reports from Bilbao, Spain.</a>) What ""The New York Times"" called ""the miracle in Bilbao"", <a href=""http://www.j-archive.com/media/2009-02-11_DJ_12a.jpg"" target=""_blank"">this</a> building was made possible by computer design & a 1/10th-inch thick <a href=""http://www.j-archive.com/media/2009-02-11_DJ_12b.jpg"" target=""_blank"">skin</a> made of this material used on spacecraft",titanium,Non-Fiction
COUNTRY SINGERS,$400,"Sinead O'Connor, famed for her shaved head",Ireland,Non-Fiction
"""S"" TOUGH",$2000,"The 2 last names of R.L. & M.L., who formed a company in 1924 to publish a book of crosswords",Simon and Schuster,Non-Fiction
WALK WITH ME,$200,"A move you might have learned in preschool is called this squatting ""walk"", after a bird",a duckwalk,Non-Fiction
WHERE THEY PLAY,$2000,Kurt Warner,TWA Dome/Edward Jones Dome,Non-Fiction
WORLD LITERATURE,$600,"Rohan, or Riddermark, is an important realm of Middle-Earth in books by this author",Tolkien,Non-Fiction
18 YEARS OF LEFTOVERS,$400,"From Season 14: 21-year-old Frances Folsom married 49-year-old Grover Cleveland in this ""colorful"" room",the Blue Room,Non-Fiction
THE NEW YORK TIMES SCIENCE TIMES,$800,"A Times headline said Beelzebufo ampinga, at 10 pounds the largest of these ever, ""hopped with dinosaurs""",a frog,Science/Geography
FORMERLY KNOWN AS,"$1,600","...as Longacre Square, before a major metropolitian newspaper moved in",Times Square,Non-Fiction
COSMETICS & PERFUME,$500,"Guerlain perfume named for the ""Garden of Love"" built by a Mogul emperor",Shalimar,Non-Fiction
THEY GOT STRUCK,$1600,By Colombian banana plantation workers in 1928,the United Fruit Company,Non-Fiction
NATHANIEL HAWTHORNE,$1200,"When his friend Franklin Pierce became president, Hawthorne was made a diplomat to this ""fab"" British city",Liverpool,Non-Fiction
WORLD CAPITALS,$100,"This capital of Cuba has a colonial museum & not surprisingly, a Museum of the Revolution",Havana,Non-Fiction
ACTOR-DIRECTORS,$1000,"This bald director who appeared in ""Stalag 17"" was the father of Gypsy Rose Lee's son Eric",Otto Preminger,Non-Fiction
THE NATIONAL INVENTORS HALL OF FAME,$200,For his revolver with interchangeable parts,Colt,Non-Fiction
THE BRIT PIC,$1200,"Early 19th-century bestselling author depicted <a href=""http://www.j-archive.com/media/2006-05-03_DJ_13.jpg"" target=""_blank"">here</a>",Jane Austen,Non-Fiction
"THE ""BYRD""s & THE ""BEA""s",$800,"This admiral led a third Antarctic expedition, discovering Thurston island in 1939",Richard Byrd,Non-Fiction
AMERICAN POETRY,$1200,"In ""the courtship of Miles Standish"", Longfellow wrote, ""youngest of all was he of the men who came in"" this ship",the Mayflower,Non-Fiction
BILLBOARD MAGAZINE,None,"Launched in 2004, Billboard's first Top 20 chart for these included ""My Boo"", the ""Halloween"" theme & ""Ice Ice Baby""",ringtones,Non-Fiction
HISTORIC QUOTES,$1000,"In 1798 Robert Goodloe Harper said, ""Millions for defense, but not one cent for"" this",Tribute,Non-Fiction
WORLD WAR II,$800,Germany's ME-262 jet fighter was made by this manufacturer,Messerschmitt,Non-Fiction
HAUNTED AMERICA,$600,"Woodburn, the Dover home of this state's governor, is said to have several resident ghosts",Delaware,Non-Fiction
HORTON HEARS A HOOSIER,$200,"This aviator first flew into the world near Millville on April 16, 1867; Orville landed in Ohio in 1871",Wilbur Wright,Non-Fiction
WILLIAM PENNED,$600,"In ""Lord of the Flies"" he explored the dark side of human nature",William Golding,Non-Fiction
BONE UP ON YOUR BONAPARTE,$400,The admiral who defeated Napoleon's navy in 1798's Battle of the Nile,Lord Nelson,Non-Fiction
'50s SONG LYRICS,$300,"This Carl Perkins hit begins, ""Well, it's one for the money, two for the show....""","""Blue Suede Shoes""",Fiction
CLAWS,$1000,"An animal that retracts its claws pulls them back into this, which also means the holder for a sword",sheath,Science/Geography
HURRY UP!!!,$800,"""I feel the need... the need for speed!"" is a line from this high-octane Tom Cruise movie",Top Gun,Fiction
CAPITAL PUNISHMENT,$200,Mata Hari,Firing Squad,Non-Fiction
CONSTELLATIONS,$800,"Ptolemy listed a constellation named for this, Jason's ship; it's been replaced by Carina, Puppis, Pyxis & Vela",the Argo,Non-Fiction
DOCS,$1000,"Hans Selye pioneered the study of this & wrote a book about it ""without distress""",Stress,Science/Geography
BREAKFAST CEREALS,$600,Disney Buzz Blasts was inspired by this movie,Toy Story,Fiction
PAUL REVERE,$800,In 1801 Revere opened America's first copper-rolling mill; he later made copper sheeting for this ship's hull,the Constitution,Non-Fiction
"THE BIRDS & THE ""B""s",$400,"Take these broken wings & learn to fly, you Turdus merula, aka this colorful bird",blackbird,Science/Geography
CARE TO SEE MY ETCHINGS?,$600,"One of his most famous etchings is ""Christ Healing the Sick"", aka ""The 100-Guilder Print"", completed in the 1640s",Rembrandt,Non-Fiction
TASMANIAN TIDBITS,$100,Tasmania is this country's smallest state,Australia,Non-Fiction
NATIVE AMERICANS,$600,"A member of the Kaw tribe of Kansas, Charles Curtis was vice president under this man from 1929 to 1933",(Herbert) Hoover,Non-Fiction
FRENCH AUTHORS,$800,"Born Amandine Aurore Lucile Dupin, she chose this pseudonym for her 1st novel, 1832's ""Indiana""",George Sand,Non-Fiction
HISTORIC AMERICANS,$1000,"As chief justice from 1864 to 1873, he presided at the impeachment trial of Andrew Johnson",Salmon P. Chase,Non-Fiction
LETTER PERFECT,$600,It's the Roman numeral for 500,D,Non-Fiction
10-LETTER WORDS,$400,It's the pigment that makes red blood cells red,Hemoglobin,Science/Geography
FORMULA2,$800,"SnF<sub>2</sub>, found in toothpaste, is also called stannous this",fluoride,Science/Geography
THE SMALLEST IN AREA,$200,"Andorra, Monaco, Vatican City",Vatican City,Non-Fiction
POTENT POTABLES,$2000,The desert plant used to make tequila is blue this,agave,Non-Fiction
AMERICAN SIGN LANGUAGE,$800,"<a href=""http://www.j-archive.com/media/2009-01-28_J_29.jpg"" target=""_blank"">This</a> area of land with a specific use is of grave importance",graveyard (cemetery),Non-Fiction
"""XE""-LENT",$1000,An unreasonable fear or hatred of foreigners,xenophobia,Non-Fiction
"""G""-RATED COUNTRIES",$400,"Situated at the far south of the Balkan peninsula, its territory includes more than 1,400 islands",Greece,Non-Fiction
THE HILLS ARE ALIVE,$800,"Wold, a Middle English geographical word, gave us the name of these hills, home to Bath & Cheltenham",the Cotswolds,Non-Fiction
APOCRYPHA NOW,$800,"O! Don't you cry for this woman, whose Apocryphal history finds her falsely accused of adultery",Susanna,Fiction
"CROSSWORD CLUES ""L""",$600,"Mario, of movie musicals (5)",Lanza,Non-Fiction
FIRE WHEN READY,$200,"The October 1871 fire in this U.S. city burned more than 17,000 buildings & claimed 250 lives",Chicago,Non-Fiction
FAMOUS NAMES,$200,Fred Noonan was navigator on the 1937 around-the-world flight on which she disappeared,Amelia Earhart,Non-Fiction
FROM A TO Y,$1000,"After that bitter divorce, you might have to pay this, spousal support",alimony,Non-Fiction
VWLLSS VGTBLS,$800,RTBG,rutabaga,Non-Fiction
'50'S TV,$200,"Occupation of Richard Diamond, Peter Gunn & Mike Hammer",private eyes (or private detectives),Fiction
OSCAR YOUNGEST/OLDEST,"$8,800",Youngest Best Actor winner: This 29-year-old in 2003 for a WWII-set film,Adrien Brody,Non-Fiction
BODIES OF WATER,$100,The Foxe Channel connects the Arctic Ocean with this huge Canadian bay,Hudson Bay,Science/Geography
DOGS,$300,"Of the Brussels Dragon, the Brussels Unicorn or the Brussels Griffon, the one that's a dog",a Brussels Griffon,Non-Fiction
BROADWAY SHOWS BY ROLES,$1200,"The French Taunter, Tim the Enchanter, Concorde",Spamalot,Fiction
TREATIES,$400,The 1979 Israel-Egypt Peace Treaty allowed Israel access to this man-made waterway,the Suez Canal,Non-Fiction
"DESERVES AN ""ITHER""",$600,Ruth Welcome was a virtuoso on this musical instrument,the zither,Non-Fiction
SHAKESPEAREAN CHARACTERS,$400,"Of Elbow, Knee, or Blister, the one who's a simple constable in ""Measure For Measure""",Elbow,Fiction
"""E"" TIMES 3",$800,"An accused person in court, along with his counsel",the defense,Non-Fiction
"""EAU"", YEAH!",$800,"From the Old French for ""flame"", it's a large ornamental candlestick",flambeau,Non-Fiction
PEZ,$200,"In 1927 an Austrian candy man created the name ""Pez"" by shortening the German word ""Pfefferminz"" (this flavor)",peppermint,Non-Fiction
FRENCH CUISINE,$100,"Popeye might like epinards au beurre, which is this vegetable with butter",spinach,Non-Fiction
BRANDS,$1600,This candy-coated gum brand is named for a substance used to make gum,Chiclets,Non-Fiction
SNL ALUMNI,$600,In 1999 he pumped up nightclubs with a musical tribute to his hero Frank Sinatra,Joe Piscopo,Non-Fiction
ANAGRAMMED SHAKESPEARE PLAYS,$400,"""Hell too""",Othello,Fiction
"IT'S ALWAYS ABOUT ""U""",$1000,The language known as Hindi is very close to this official language of Pakistan,Urdu,Non-Fiction
